[
  {
    "appointment_id": "APT-001",
    "user_id": "user_5",
    "provider_id": "provider_2",
    "date": "2025-05-29",
    "time": "09:00",
    "status": "Scheduled",
    "reason": "Follow-up visit"
  },
  {
    "appointment_id": "APT-002",
    "user_id": "user_2",
    "provider_id": "provider_10",
    "date": "2025-05-25",
    "time": "14:00",
    "status": "Scheduled",
    "reason": "Follow-up visit"
  },
  {
    "appointment_id": "APT-003",
    "user_id": "user_4",
    "provider_id": "provider_5",
    "date": "2025-05-12",
    "time": "09:00",
    "status": "Scheduled",
    "reason": "Vaccination"
  },
  {
    "appointment_id": "APT-004",
    "user_id": "user_4",
    "provider_id": "provider_10",
    "date": "2025-06-04",
    "time": "13:00",
    "status": "Scheduled",
    "reason": "Blood test"
  },
  {
    "appointment_id": "APT-005",
    "user_id": "user_4",
    "provider_id": "provider_10",
    "date": "2025-05-29",
    "time": "16:00",
    "status": "Scheduled",
    "reason": "Annual checkup"
  },
  {
    "appointment_id": "APT-006",
    "user_id": "user_5",
    "provider_id": "provider_4",
    "date": "2025-04-27",
    "time": "09:00",
    "status": "Completed",
    "reason": "Blood test"
  },
  {
    "appointment_id": "APT-007",
    "user_id": "user_1",
    "provider_id": "provider_4",
    "date": "2025-05-10",
    "time": "15:00",
    "status": "Scheduled",
    "reason": "Vaccination"
  },
  {
    "appointment_id": "APT-008",
    "user_id": "user_2",
    "provider_id": "provider_1",
    "date": "2025-04-27",
    "time": "10:00",
    "status": "Completed",
    "reason": "Annual checkup"
  },
  {
    "appointment_id": "APT-009",
    "user_id": "user_5",
    "provider_id": "provider_2",
    "date": "2025-05-15",
    "time": "10:00",
    "status": "Scheduled",
    "reason": "Blood test"
  },
  {
    "appointment_id": "APT-010",
    "user_id": "user_5",
    "provider_id": "provider_3",
    "date": "2025-05-23",
    "time": "11:00",
    "status": "Scheduled",
    "reason": "Consultation"
  },
  {
    "appointment_id": "APT-011",
    "user_id": "user_3",
    "provider_id": "provider_10",
    "date": "2025-05-28",
    "time": "10:00",
    "status": "Scheduled",
    "reason": "Annual checkup"
  },
  {
    "appointment_id": "APT-012",
    "user_id": "user_3",
    "provider_id": "provider_5",
    "date": "2025-05-10",
    "time": "15:00",
    "status": "Scheduled",
    "reason": "Follow-up visit"
  },
  {
    "appointment_id": "APT-013",
    "user_id": "user_2",
    "provider_id": "provider_7",
    "date": "2025-04-26",
    "time": "15:00",
    "status": "Completed",
    "reason": "Vaccination"
  },
  {
    "appointment_id": "APT-014",
    "user_id": "user_4",
    "provider_id": "provider_7",
    "date": "2025-05-07",
    "time": "10:00",
    "status": "Scheduled",
    "reason": "Vaccination"
  },
  {
    "appointment_id": "APT-015",
    "user_id": "user_1",
    "provider_id": "provider_1",
    "date": "2025-05-11",
    "time": "13:00",
    "status": "Scheduled",
    "reason": "Annual checkup"
  },
  {
    "appointment_id": "APT-016",
    "user_id": "user_3",
    "provider_id": "provider_10",
    "date": "2025-06-03",
    "time": "10:00",
    "status": "Scheduled",
    "reason": "Annual checkup"
  },
  {
    "appointment_id": "APT-017",
    "user_id": "user_4",
    "provider_id": "provider_2",
    "date": "2025-06-02",
    "time": "13:00",
    "status": "Scheduled",
    "reason": "Vaccination"
  },
  {
    "appointment_id": "APT-018",
    "user_id": "user_4",
    "provider_id": "provider_7",
    "date": "2025-06-05",
    "time": "10:00",
    "status": "Scheduled",
    "reason": "Consultation"
  },
  {
    "appointment_id": "APT-019",
    "user_id": "user_3",
    "provider_id": "provider_10",
    "date": "2025-05-01",
    "time": "11:00",
    "status": "Completed",
    "reason": "Blood test"
  },
  {
    "appointment_id": "APT-020",
    "user_id": "user_1",
    "provider_id": "provider_6",
    "date": "2025-05-24",
    "time": "15:00",
    "status": "Scheduled",
    "reason": "Annual checkup"
  }
]