[
  {
    "provider_id": "provider_1",
    "name": "Dr. Johnson",
    "specialty": "Orthopedics",
    "facility": "Westside Medical Center",
    "bio": "Experienced healthcare provider specializing in patient care.",
    "contact": "555-210-9021"
  },
  {
    "provider_id": "provider_2",
    "name": "Dr. Brown",
    "specialty": "Orthopedics",
    "facility": "Eastview Clinic",
    "bio": "Experienced healthcare provider specializing in patient care.",
    "contact": "555-487-7778"
  },
  {
    "provider_id": "provider_3",
    "name": "Dr. Jones",
    "specialty": "Psychiatry",
    "facility": "City General Hospital",
    "bio": "Experienced healthcare provider specializing in patient care.",
    "contact": "555-566-1132"
  },
  {
    "provider_id": "provider_4",
    "name": "Dr. Johnson",
    "specialty": "Gynecology",
    "facility": "Eastview Clinic",
    "bio": "Experienced healthcare provider specializing in patient care.",
    "contact": "555-584-3725"
  },
  {
    "provider_id": "provider_5",
    "name": "Dr. Miller",
    "specialty": "Internal Medicine",
    "facility": "Northside Medical",
    "bio": "Experienced healthcare provider specializing in patient care.",
    "contact": "555-896-4815"
  },
  {
    "provider_id": "provider_6",
    "name": "Dr. Jackson",
    "specialty": "Family Medicine",
    "facility": "City General Hospital",
    "bio": "Experienced healthcare provider specializing in patient care.",
    "contact": "555-334-7916"
  },
  {
    "provider_id": "provider_7",
    "name": "Dr. Jackson",
    "specialty": "Family Medicine",
    "facility": "Eastview Clinic",
    "bio": "Experienced healthcare provider specializing in patient care.",
    "contact": "555-614-6782"
  },
  {
    "provider_id": "provider_8",
    "name": "Dr. Johnson",
    "specialty": "Internal Medicine",
    "facility": "City General Hospital",
    "bio": "Experienced healthcare provider specializing in patient care.",
    "contact": "555-585-4755"
  },
  {
    "provider_id": "provider_9",
    "name": "Dr. Jackson",
    "specialty": "Dermatology",
    "facility": "Westside Medical Center",
    "bio": "Experienced healthcare provider specializing in patient care.",
    "contact": "555-923-4335"
  },
  {
    "provider_id": "provider_10",
    "name": "Dr. Martin",
    "specialty": "Cardiology",
    "facility": "Northside Medical",
    "bio": "Experienced healthcare provider specializing in patient care.",
    "contact": "555-868-9128"
  }
]