[
  {
    "entry_id": "MH-001",
    "user_id": "user_1",
    "date": "2025-05-02",
    "mood_rating": 6,
    "mood_description": "Calm and content",
    "stress_level": 7,
    "anxiety_level": 5,
    "sleep_hours": 7.9,
    "coping_strategies": [
      "Limited social media"
    ],
    "notes": "Struggled with work stress"
  },
  {
    "entry_id": "MH-002",
    "user_id": "user_5",
    "date": "2025-04-22",
    "mood_rating": 7,
    "mood_description": "Motivated",
    "stress_level": 3,
    "anxiety_level": 8,
    "sleep_hours": 4.3,
    "coping_strategies": [
      "Went for a walk"
    ],
    "notes": "Made progress on personal goals"
  },
  {
    "entry_id": "MH-003",
    "user_id": "user_4",
    "date": "2025-04-07",
    "mood_rating": 1,
    "mood_description": "Worried about work",
    "stress_level": 8,
    "anxiety_level": 2,
    "sleep_hours": 4.4,
    "coping_strategies": [
      "Read a book",
      "Got enough sleep"
    ],
    "notes": "Family issues affecting mood"
  },
  {
    "entry_id": "MH-004",
    "user_id": "user_3",
    "date": "2025-04-24",
    "mood_rating": 8,
    "mood_description": "Hopeful",
    "stress_level": 4,
    "anxiety_level": 5,
    "sleep_hours": 6.8,
    "coping_strategies": [],
    "notes": "Family issues affecting mood"
  },
  {
    "entry_id": "MH-005",
    "user_id": "user_1",
    "date": "2025-04-24",
    "mood_rating": 6,
    "mood_description": "Distracted",
    "stress_level": 3,
    "anxiety_level": 8,
    "sleep_hours": 4.4,
    "coping_strategies": [],
    "notes": "Struggled with work stress"
  },
  {
    "entry_id": "MH-006",
    "user_id": "user_4",
    "date": "2025-04-12",
    "mood_rating": 5,
    "mood_description": "Stressed and overwhelmed",
    "stress_level": 3,
    "anxiety_level": 8,
    "sleep_hours": 6.7,
    "coping_strategies": [],
    "notes": ""
  },
  {
    "entry_id": "MH-007",
    "user_id": "user_5",
    "date": "2025-04-26",
    "mood_rating": 3,
    "mood_description": "Worried about work",
    "stress_level": 9,
    "anxiety_level": 10,
    "sleep_hours": 6.1,
    "coping_strategies": [
      "Went for a walk",
      "Listened to calming music",
      "Exercised"
    ],
    "notes": ""
  },
  {
    "entry_id": "MH-008",
    "user_id": "user_1",
    "date": "2025-04-08",
    "mood_rating": 8,
    "mood_description": "Frustrated",
    "stress_level": 3,
    "anxiety_level": 3,
    "sleep_hours": 4.2,
    "coping_strategies": [
      "Got enough sleep"
    ],
    "notes": "Had a good day overall"
  },
  {
    "entry_id": "MH-009",
    "user_id": "user_1",
    "date": "2025-04-14",
    "mood_rating": 8,
    "mood_description": "Calm and content",
    "stress_level": 3,
    "anxiety_level": 10,
    "sleep_hours": 4.9,
    "coping_strategies": [],
    "notes": ""
  },
  {
    "entry_id": "MH-010",
    "user_id": "user_4",
    "date": "2025-04-09",
    "mood_rating": 7,
    "mood_description": "Stressed and overwhelmed",
    "stress_level": 5,
    "anxiety_level": 2,
    "sleep_hours": 7.4,
    "coping_strategies": [
      "Did some yoga",
      "Spent time in nature",
      "Got enough sleep"
    ],
    "notes": "Therapy session was helpful"
  },
  {
    "entry_id": "MH-011",
    "user_id": "user_1",
    "date": "2025-04-10",
    "mood_rating": 9,
    "mood_description": "Worried about work",
    "stress_level": 3,
    "anxiety_level": 1,
    "sleep_hours": 7.5,
    "coping_strategies": [
      "Did some yoga",
      "Took a break from work",
      "Got enough sleep"
    ],
    "notes": "Made progress on personal goals"
  },
  {
    "entry_id": "MH-012",
    "user_id": "user_1",
    "date": "2025-04-15",
    "mood_rating": 4,
    "mood_description": "Irritable",
    "stress_level": 2,
    "anxiety_level": 8,
    "sleep_hours": 4.5,
    "coping_strategies": [
      "Listened to calming music",
      "Healthy eating"
    ],
    "notes": "Family issues affecting mood"
  },
  {
    "entry_id": "MH-013",
    "user_id": "user_2",
    "date": "2025-04-06",
    "mood_rating": 5,
    "mood_description": "Neutral",
    "stress_level": 5,
    "anxiety_level": 8,
    "sleep_hours": 6.7,
    "coping_strategies": [
      "Healthy eating",
      "Limited social media",
      "Did some yoga"
    ],
    "notes": "Made progress on personal goals"
  },
  {
    "entry_id": "MH-014",
    "user_id": "user_4",
    "date": "2025-04-13",
    "mood_rating": 5,
    "mood_description": "Distracted",
    "stress_level": 9,
    "anxiety_level": 7,
    "sleep_hours": 4.1,
    "coping_strategies": [
      "Limited social media",
      "Meditation session",
      "Went for a walk"
    ],
    "notes": "Therapy session was helpful"
  },
  {
    "entry_id": "MH-015",
    "user_id": "user_5",
    "date": "2025-04-15",
    "mood_rating": 6,
    "mood_description": "Tired but positive",
    "stress_level": 4,
    "anxiety_level": 6,
    "sleep_hours": 6.1,
    "coping_strategies": [
      "Meditation session",
      "Read a book",
      "Listened to calming music"
    ],
    "notes": "Family issues affecting mood"
  },
  {
    "entry_id": "MH-016",
    "user_id": "user_4",
    "date": "2025-04-11",
    "mood_rating": 5,
    "mood_description": "Irritable",
    "stress_level": 1,
    "anxiety_level": 2,
    "sleep_hours": 8.3,
    "coping_strategies": [
      "Went for a walk",
      "Journaling"
    ],
    "notes": "Feeling better than yesterday"
  },
  {
    "entry_id": "MH-017",
    "user_id": "user_4",
    "date": "2025-04-12",
    "mood_rating": 6,
    "mood_description": "Motivated",
    "stress_level": 4,
    "anxiety_level": 8,
    "sleep_hours": 5.0,
    "coping_strategies": [
      "Meditation session",
      "Did some yoga",
      "Got enough sleep"
    ],
    "notes": "Feeling better than yesterday"
  },
  {
    "entry_id": "MH-018",
    "user_id": "user_3",
    "date": "2025-05-01",
    "mood_rating": 5,
    "mood_description": "Happy and energetic",
    "stress_level": 5,
    "anxiety_level": 1,
    "sleep_hours": 5.7,
    "coping_strategies": [],
    "notes": "Family issues affecting mood"
  },
  {
    "entry_id": "MH-019",
    "user_id": "user_3",
    "date": "2025-04-25",
    "mood_rating": 7,
    "mood_description": "Tired but positive",
    "stress_level": 1,
    "anxiety_level": 7,
    "sleep_hours": 7.3,
    "coping_strategies": [
      "Listened to calming music",
      "Journaling",
      "Meditation session"
    ],
    "notes": "Struggled with work stress"
  },
  {
    "entry_id": "MH-020",
    "user_id": "user_5",
    "date": "2025-05-02",
    "mood_rating": 5,
    "mood_description": "Irritable",
    "stress_level": 3,
    "anxiety_level": 2,
    "sleep_hours": 6.3,
    "coping_strategies": [],
    "notes": "Struggled with work stress"
  },
  {
    "entry_id": "MH-021",
    "user_id": "user_5",
    "date": "2025-04-07",
    "mood_rating": 2,
    "mood_description": "Calm and content",
    "stress_level": 6,
    "anxiety_level": 9,
    "sleep_hours": 7.7,
    "coping_strategies": [
      "Spent time in nature"
    ],
    "notes": ""
  },
  {
    "entry_id": "MH-022",
    "user_id": "user_4",
    "date": "2025-04-18",
    "mood_rating": 6,
    "mood_description": "Calm and content",
    "stress_level": 2,
    "anxiety_level": 3,
    "sleep_hours": 6.4,
    "coping_strategies": [],
    "notes": ""
  },
  {
    "entry_id": "MH-023",
    "user_id": "user_1",
    "date": "2025-05-05",
    "mood_rating": 5,
    "mood_description": "Excited about upcoming events",
    "stress_level": 10,
    "anxiety_level": 1,
    "sleep_hours": 7.4,
    "coping_strategies": [
      "Healthy eating",
      "Spent time in nature"
    ],
    "notes": "Made progress on personal goals"
  },
  {
    "entry_id": "MH-024",
    "user_id": "user_3",
    "date": "2025-04-09",
    "mood_rating": 4,
    "mood_description": "Worried about work",
    "stress_level": 2,
    "anxiety_level": 4,
    "sleep_hours": 5.2,
    "coping_strategies": [
      "Limited social media",
      "Spent time in nature"
    ],
    "notes": "Family issues affecting mood"
  },
  {
    "entry_id": "MH-025",
    "user_id": "user_4",
    "date": "2025-05-04",
    "mood_rating": 5,
    "mood_description": "Hopeful",
    "stress_level": 7,
    "anxiety_level": 8,
    "sleep_hours": 5.1,
    "coping_strategies": [
      "Went for a walk",
      "Healthy eating",
      "Practiced mindfulness"
    ],
    "notes": "Struggled with work stress"
  },
  {
    "entry_id": "MH-026",
    "user_id": "user_3",
    "date": "2025-05-04",
    "mood_rating": 8,
    "mood_description": "Irritable",
    "stress_level": 1,
    "anxiety_level": 9,
    "sleep_hours": 7.3,
    "coping_strategies": [
      "Limited social media",
      "Did some yoga",
      "Healthy eating"
    ],
    "notes": "Need to focus more on self-care"
  },
  {
    "entry_id": "MH-027",
    "user_id": "user_5",
    "date": "2025-04-12",
    "mood_rating": 8,
    "mood_description": "Worried about work",
    "stress_level": 8,
    "anxiety_level": 6,
    "sleep_hours": 6.0,
    "coping_strategies": [
      "Meditation session",
      "Deep breathing exercises"
    ],
    "notes": "Made progress on personal goals"
  },
  {
    "entry_id": "MH-028",
    "user_id": "user_5",
    "date": "2025-04-16",
    "mood_rating": 8,
    "mood_description": "Happy and energetic",
    "stress_level": 1,
    "anxiety_level": 3,
    "sleep_hours": 6.7,
    "coping_strategies": [],
    "notes": "Struggled with work stress"
  },
  {
    "entry_id": "MH-029",
    "user_id": "user_1",
    "date": "2025-04-28",
    "mood_rating": 8,
    "mood_description": "Irritable",
    "stress_level": 6,
    "anxiety_level": 5,
    "sleep_hours": 5.8,
    "coping_strategies": [
      "Took a break from work"
    ],
    "notes": "Family issues affecting mood"
  },
  {
    "entry_id": "MH-030",
    "user_id": "user_2",
    "date": "2025-04-20",
    "mood_rating": 4,
    "mood_description": "Excited about upcoming events",
    "stress_level": 7,
    "anxiety_level": 10,
    "sleep_hours": 6.3,
    "coping_strategies": [
      "Journaling"
    ],
    "notes": "Family issues affecting mood"
  },
  {
    "entry_id": "MH-031",
    "user_id": "user_2",
    "date": "2025-04-12",
    "mood_rating": 7,
    "mood_description": "Hopeful",
    "stress_level": 4,
    "anxiety_level": 6,
    "sleep_hours": 8.6,
    "coping_strategies": [
      "Deep breathing exercises",
      "Listened to calming music"
    ],
    "notes": "Made progress on personal goals"
  },
  {
    "entry_id": "MH-032",
    "user_id": "user_5",
    "date": "2025-04-09",
    "mood_rating": 8,
    "mood_description": "Peaceful",
    "stress_level": 6,
    "anxiety_level": 8,
    "sleep_hours": 8.6,
    "coping_strategies": [],
    "notes": "Need to focus more on self-care"
  },
  {
    "entry_id": "MH-033",
    "user_id": "user_5",
    "date": "2025-04-28",
    "mood_rating": 1,
    "mood_description": "Tired but positive",
    "stress_level": 10,
    "anxiety_level": 5,
    "sleep_hours": 8.1,
    "coping_strategies": [
      "Did some yoga",
      "Limited social media"
    ],
    "notes": "Feeling better than yesterday"
  },
  {
    "entry_id": "MH-034",
    "user_id": "user_5",
    "date": "2025-05-02",
    "mood_rating": 4,
    "mood_description": "Stressed and overwhelmed",
    "stress_level": 5,
    "anxiety_level": 10,
    "sleep_hours": 5.4,
    "coping_strategies": [
      "Journaling"
    ],
    "notes": "Family issues affecting mood"
  },
  {
    "entry_id": "MH-035",
    "user_id": "user_2",
    "date": "2025-04-25",
    "mood_rating": 7,
    "mood_description": "Distracted",
    "stress_level": 8,
    "anxiety_level": 4,
    "sleep_hours": 8.2,
    "coping_strategies": [],
    "notes": "Family issues affecting mood"
  },
  {
    "entry_id": "MH-036",
    "user_id": "user_1",
    "date": "2025-04-23",
    "mood_rating": 5,
    "mood_description": "Frustrated",
    "stress_level": 5,
    "anxiety_level": 8,
    "sleep_hours": 6.4,
    "coping_strategies": [
      "Limited social media",
      "Journaling"
    ],
    "notes": "Need to focus more on self-care"
  },
  {
    "entry_id": "MH-037",
    "user_id": "user_1",
    "date": "2025-05-04",
    "mood_rating": 4,
    "mood_description": "Motivated",
    "stress_level": 5,
    "anxiety_level": 10,
    "sleep_hours": 7.9,
    "coping_strategies": [
      "Read a book",
      "Limited social media",
      "Exercised"
    ],
    "notes": "Had a good day overall"
  },
  {
    "entry_id": "MH-038",
    "user_id": "user_5",
    "date": "2025-04-25",
    "mood_rating": 8,
    "mood_description": "Happy and energetic",
    "stress_level": 8,
    "anxiety_level": 4,
    "sleep_hours": 8.2,
    "coping_strategies": [],
    "notes": "Therapy session was helpful"
  },
  {
    "entry_id": "MH-039",
    "user_id": "user_4",
    "date": "2025-04-23",
    "mood_rating": 7,
    "mood_description": "Stressed and overwhelmed",
    "stress_level": 6,
    "anxiety_level": 6,
    "sleep_hours": 7.1,
    "coping_strategies": [],
    "notes": "Family issues affecting mood"
  },
  {
    "entry_id": "MH-040",
    "user_id": "user_3",
    "date": "2025-04-10",
    "mood_rating": 2,
    "mood_description": "Slightly anxious",
    "stress_level": 9,
    "anxiety_level": 3,
    "sleep_hours": 8.5,
    "coping_strategies": [
      "Talked to a friend",
      "Exercised"
    ],
    "notes": "Therapy session was helpful"
  },
  {
    "entry_id": "MH-041",
    "user_id": "user_2",
    "date": "2025-04-30",
    "mood_rating": 3,
    "mood_description": "Feeling down",
    "stress_level": 7,
    "anxiety_level": 7,
    "sleep_hours": 8.1,
    "coping_strategies": [],
    "notes": ""
  },
  {
    "entry_id": "MH-042",
    "user_id": "user_5",
    "date": "2025-04-25",
    "mood_rating": 3,
    "mood_description": "Excited about upcoming events",
    "stress_level": 7,
    "anxiety_level": 9,
    "sleep_hours": 6.7,
    "coping_strategies": [
      "Healthy eating",
      "Spent time in nature"
    ],
    "notes": "Struggled with work stress"
  },
  {
    "entry_id": "MH-043",
    "user_id": "user_3",
    "date": "2025-04-11",
    "mood_rating": 6,
    "mood_description": "Tired but positive",
    "stress_level": 6,
    "anxiety_level": 10,
    "sleep_hours": 7.2,
    "coping_strategies": [
      "Talked to a friend",
      "Exercised"
    ],
    "notes": "Struggled with work stress"
  },
  {
    "entry_id": "MH-044",
    "user_id": "user_1",
    "date": "2025-05-01",
    "mood_rating": 6,
    "mood_description": "Excited about upcoming events",
    "stress_level": 5,
    "anxiety_level": 2,
    "sleep_hours": 7.7,
    "coping_strategies": [
      "Went for a walk"
    ],
    "notes": "Struggled with work stress"
  },
  {
    "entry_id": "MH-045",
    "user_id": "user_4",
    "date": "2025-04-12",
    "mood_rating": 9,
    "mood_description": "Irritable",
    "stress_level": 3,
    "anxiety_level": 10,
    "sleep_hours": 4.7,
    "coping_strategies": [
      "Deep breathing exercises"
    ],
    "notes": "Family issues affecting mood"
  },
  {
    "entry_id": "MH-046",
    "user_id": "user_5",
    "date": "2025-04-28",
    "mood_rating": 8,
    "mood_description": "Neutral",
    "stress_level": 3,
    "anxiety_level": 1,
    "sleep_hours": 7.2,
    "coping_strategies": [],
    "notes": "Struggled with work stress"
  },
  {
    "entry_id": "MH-047",
    "user_id": "user_5",
    "date": "2025-04-17",
    "mood_rating": 8,
    "mood_description": "Irritable",
    "stress_level": 2,
    "anxiety_level": 7,
    "sleep_hours": 6.9,
    "coping_strategies": [
      "Journaling",
      "Did some yoga"
    ],
    "notes": ""
  },
  {
    "entry_id": "MH-048",
    "user_id": "user_4",
    "date": "2025-04-08",
    "mood_rating": 3,
    "mood_description": "Tired but positive",
    "stress_level": 4,
    "anxiety_level": 3,
    "sleep_hours": 4.9,
    "coping_strategies": [
      "Spent time in nature",
      "Read a book",
      "Did some yoga"
    ],
    "notes": "Made progress on personal goals"
  },
  {
    "entry_id": "MH-049",
    "user_id": "user_4",
    "date": "2025-04-17",
    "mood_rating": 6,
    "mood_description": "Frustrated",
    "stress_level": 7,
    "anxiety_level": 9,
    "sleep_hours": 4.7,
    "coping_strategies": [
      "Took a break from work"
    ],
    "notes": "Struggled with work stress"
  },
  {
    "entry_id": "MH-050",
    "user_id": "user_5",
    "date": "2025-04-21",
    "mood_rating": 4,
    "mood_description": "Tired but positive",
    "stress_level": 7,
    "anxiety_level": 9,
    "sleep_hours": 4.8,
    "coping_strategies": [
      "Got enough sleep",
      "Practiced mindfulness",
      "Listened to calming music"
    ],
    "notes": "Need to focus more on self-care"
  },
  {
    "entry_id": "MH-051",
    "user_id": "user_3",
    "date": "2025-04-22",
    "mood_rating": 6,
    "mood_description": "Worried about work",
    "stress_level": 9,
    "anxiety_level": 3,
    "sleep_hours": 7.4,
    "coping_strategies": [
      "Listened to calming music"
    ],
    "notes": "Therapy session was helpful"
  },
  {
    "entry_id": "MH-052",
    "user_id": "user_2",
    "date": "2025-04-09",
    "mood_rating": 4,
    "mood_description": "Excited about upcoming events",
    "stress_level": 7,
    "anxiety_level": 2,
    "sleep_hours": 8.5,
    "coping_strategies": [
      "Exercised",
      "Talked to a friend",
      "Journaling"
    ],
    "notes": "Made progress on personal goals"
  },
  {
    "entry_id": "MH-053",
    "user_id": "user_5",
    "date": "2025-04-16",
    "mood_rating": 9,
    "mood_description": "Excited about upcoming events",
    "stress_level": 3,
    "anxiety_level": 4,
    "sleep_hours": 5.8,
    "coping_strategies": [
      "Deep breathing exercises"
    ],
    "notes": "Feeling better than yesterday"
  },
  {
    "entry_id": "MH-054",
    "user_id": "user_3",
    "date": "2025-04-08",
    "mood_rating": 8,
    "mood_description": "Distracted",
    "stress_level": 5,
    "anxiety_level": 6,
    "sleep_hours": 7.1,
    "coping_strategies": [
      "Did some yoga",
      "Went for a walk",
      "Talked to a friend"
    ],
    "notes": "Struggled with work stress"
  },
  {
    "entry_id": "MH-055",
    "user_id": "user_3",
    "date": "2025-04-11",
    "mood_rating": 7,
    "mood_description": "Frustrated",
    "stress_level": 5,
    "anxiety_level": 8,
    "sleep_hours": 4.1,
    "coping_strategies": [
      "Got enough sleep",
      "Healthy eating",
      "Read a book"
    ],
    "notes": "Had a good day overall"
  },
  {
    "entry_id": "MH-056",
    "user_id": "user_1",
    "date": "2025-04-10",
    "mood_rating": 10,
    "mood_description": "Frustrated",
    "stress_level": 2,
    "anxiety_level": 2,
    "sleep_hours": 7.8,
    "coping_strategies": [],
    "notes": "Therapy session was helpful"
  },
  {
    "entry_id": "MH-057",
    "user_id": "user_4",
    "date": "2025-04-19",
    "mood_rating": 7,
    "mood_description": "Slightly anxious",
    "stress_level": 6,
    "anxiety_level": 4,
    "sleep_hours": 5.3,
    "coping_strategies": [
      "Talked to a friend",
      "Healthy eating",
      "Deep breathing exercises"
    ],
    "notes": "Struggled with work stress"
  },
  {
    "entry_id": "MH-058",
    "user_id": "user_3",
    "date": "2025-04-30",
    "mood_rating": 8,
    "mood_description": "Excited about upcoming events",
    "stress_level": 7,
    "anxiety_level": 6,
    "sleep_hours": 5.9,
    "coping_strategies": [
      "Journaling",
      "Limited social media"
    ],
    "notes": "Family issues affecting mood"
  },
  {
    "entry_id": "MH-059",
    "user_id": "user_4",
    "date": "2025-04-21",
    "mood_rating": 8,
    "mood_description": "Motivated",
    "stress_level": 3,
    "anxiety_level": 3,
    "sleep_hours": 7.4,
    "coping_strategies": [
      "Exercised",
      "Spent time in nature",
      "Meditation session"
    ],
    "notes": "Feeling better than yesterday"
  },
  {
    "entry_id": "MH-060",
    "user_id": "user_5",
    "date": "2025-04-12",
    "mood_rating": 4,
    "mood_description": "Tired but positive",
    "stress_level": 10,
    "anxiety_level": 3,
    "sleep_hours": 4.3,
    "coping_strategies": [
      "Deep breathing exercises"
    ],
    "notes": "Feeling better than yesterday"
  },
  {
    "entry_id": "MH-061",
    "user_id": "user_5",
    "date": "2025-04-20",
    "mood_rating": 4,
    "mood_description": "Distracted",
    "stress_level": 6,
    "anxiety_level": 4,
    "sleep_hours": 4.2,
    "coping_strategies": [
      "Did some yoga",
      "Got enough sleep",
      "Practiced mindfulness"
    ],
    "notes": "Family issues affecting mood"
  },
  {
    "entry_id": "MH-062",
    "user_id": "user_1",
    "date": "2025-04-29",
    "mood_rating": 3,
    "mood_description": "Calm and content",
    "stress_level": 6,
    "anxiety_level": 4,
    "sleep_hours": 4.4,
    "coping_strategies": [
      "Meditation session",
      "Went for a walk"
    ],
    "notes": "Need to focus more on self-care"
  },
  {
    "entry_id": "MH-063",
    "user_id": "user_3",
    "date": "2025-04-24",
    "mood_rating": 9,
    "mood_description": "Frustrated",
    "stress_level": 3,
    "anxiety_level": 3,
    "sleep_hours": 4.4,
    "coping_strategies": [
      "Did some yoga"
    ],
    "notes": "Had a good day overall"
  },
  {
    "entry_id": "MH-064",
    "user_id": "user_3",
    "date": "2025-05-04",
    "mood_rating": 6,
    "mood_description": "Stressed and overwhelmed",
    "stress_level": 5,
    "anxiety_level": 1,
    "sleep_hours": 6.0,
    "coping_strategies": [
      "Limited social media",
      "Meditation session"
    ],
    "notes": "Made progress on personal goals"
  },
  {
    "entry_id": "MH-065",
    "user_id": "user_1",
    "date": "2025-04-14",
    "mood_rating": 1,
    "mood_description": "Worried about work",
    "stress_level": 10,
    "anxiety_level": 3,
    "sleep_hours": 7.6,
    "coping_strategies": [
      "Listened to calming music"
    ],
    "notes": "Need to focus more on self-care"
  },
  {
    "entry_id": "MH-066",
    "user_id": "user_4",
    "date": "2025-04-13",
    "mood_rating": 3,
    "mood_description": "Peaceful",
    "stress_level": 4,
    "anxiety_level": 9,
    "sleep_hours": 8.9,
    "coping_strategies": [
      "Read a book",
      "Got enough sleep",
      "Exercised"
    ],
    "notes": "Struggled with work stress"
  },
  {
    "entry_id": "MH-067",
    "user_id": "user_5",
    "date": "2025-05-03",
    "mood_rating": 3,
    "mood_description": "Frustrated",
    "stress_level": 4,
    "anxiety_level": 3,
    "sleep_hours": 5.3,
    "coping_strategies": [],
    "notes": ""
  },
  {
    "entry_id": "MH-068",
    "user_id": "user_4",
    "date": "2025-04-06",
    "mood_rating": 3,
    "mood_description": "Motivated",
    "stress_level": 8,
    "anxiety_level": 5,
    "sleep_hours": 6.2,
    "coping_strategies": [
      "Limited social media"
    ],
    "notes": "Made progress on personal goals"
  },
  {
    "entry_id": "MH-069",
    "user_id": "user_3",
    "date": "2025-04-26",
    "mood_rating": 8,
    "mood_description": "Frustrated",
    "stress_level": 3,
    "anxiety_level": 1,
    "sleep_hours": 4.8,
    "coping_strategies": [
      "Healthy eating",
      "Exercised"
    ],
    "notes": "Made progress on personal goals"
  },
  {
    "entry_id": "MH-070",
    "user_id": "user_4",
    "date": "2025-04-13",
    "mood_rating": 5,
    "mood_description": "Calm and content",
    "stress_level": 5,
    "anxiety_level": 4,
    "sleep_hours": 6.3,
    "coping_strategies": [
      "Limited social media",
      "Healthy eating",
      "Exercised"
    ],
    "notes": "Struggled with work stress"
  },
  {
    "entry_id": "MH-071",
    "user_id": "user_5",
    "date": "2025-04-07",
    "mood_rating": 2,
    "mood_description": "Slightly anxious",
    "stress_level": 9,
    "anxiety_level": 4,
    "sleep_hours": 5.5,
    "coping_strategies": [
      "Took a break from work"
    ],
    "notes": "Family issues affecting mood"
  },
  {
    "entry_id": "MH-072",
    "user_id": "user_4",
    "date": "2025-04-26",
    "mood_rating": 7,
    "mood_description": "Calm and content",
    "stress_level": 5,
    "anxiety_level": 9,
    "sleep_hours": 8.1,
    "coping_strategies": [
      "Exercised",
      "Read a book",
      "Spent time in nature"
    ],
    "notes": "Feeling better than yesterday"
  },
  {
    "entry_id": "MH-073",
    "user_id": "user_2",
    "date": "2025-04-19",
    "mood_rating": 6,
    "mood_description": "Worried about work",
    "stress_level": 8,
    "anxiety_level": 2,
    "sleep_hours": 8.9,
    "coping_strategies": [
      "Journaling",
      "Limited social media",
      "Healthy eating"
    ],
    "notes": "Made progress on personal goals"
  },
  {
    "entry_id": "MH-074",
    "user_id": "user_5",
    "date": "2025-04-29",
    "mood_rating": 3,
    "mood_description": "Happy and energetic",
    "stress_level": 5,
    "anxiety_level": 2,
    "sleep_hours": 5.6,
    "coping_strategies": [
      "Deep breathing exercises"
    ],
    "notes": "Had a good day overall"
  },
  {
    "entry_id": "MH-075",
    "user_id": "user_2",
    "date": "2025-04-19",
    "mood_rating": 6,
    "mood_description": "Neutral",
    "stress_level": 5,
    "anxiety_level": 4,
    "sleep_hours": 7.1,
    "coping_strategies": [
      "Got enough sleep"
    ],
    "notes": "Need to focus more on self-care"
  },
  {
    "entry_id": "MH-076",
    "user_id": "user_4",
    "date": "2025-04-26",
    "mood_rating": 7,
    "mood_description": "Stressed and overwhelmed",
    "stress_level": 7,
    "anxiety_level": 9,
    "sleep_hours": 4.9,
    "coping_strategies": [
      "Read a book",
      "Spent time in nature",
      "Took a break from work"
    ],
    "notes": "Need to focus more on self-care"
  },
  {
    "entry_id": "MH-077",
    "user_id": "user_1",
    "date": "2025-05-05",
    "mood_rating": 6,
    "mood_description": "Motivated",
    "stress_level": 10,
    "anxiety_level": 4,
    "sleep_hours": 8.3,
    "coping_strategies": [
      "Meditation session"
    ],
    "notes": "Had a good day overall"
  },
  {
    "entry_id": "MH-078",
    "user_id": "user_3",
    "date": "2025-04-18",
    "mood_rating": 5,
    "mood_description": "Happy and energetic",
    "stress_level": 1,
    "anxiety_level": 9,
    "sleep_hours": 5.0,
    "coping_strategies": [
      "Healthy eating",
      "Meditation session"
    ],
    "notes": "Family issues affecting mood"
  },
  {
    "entry_id": "MH-079",
    "user_id": "user_5",
    "date": "2025-04-12",
    "mood_rating": 6,
    "mood_description": "Calm and content",
    "stress_level": 4,
    "anxiety_level": 3,
    "sleep_hours": 6.0,
    "coping_strategies": [],
    "notes": "Feeling better than yesterday"
  },
  {
    "entry_id": "MH-080",
    "user_id": "user_1",
    "date": "2025-04-07",
    "mood_rating": 6,
    "mood_description": "Worried about work",
    "stress_level": 9,
    "anxiety_level": 3,
    "sleep_hours": 8.4,
    "coping_strategies": [
      "Took a break from work",
      "Journaling"
    ],
    "notes": "Made progress on personal goals"
  },
  {
    "entry_id": "MH-081",
    "user_id": "user_2",
    "date": "2025-04-09",
    "mood_rating": 2,
    "mood_description": "Peaceful",
    "stress_level": 5,
    "anxiety_level": 6,
    "sleep_hours": 8.4,
    "coping_strategies": [
      "Did some yoga"
    ],
    "notes": "Family issues affecting mood"
  },
  {
    "entry_id": "MH-082",
    "user_id": "user_3",
    "date": "2025-04-29",
    "mood_rating": 6,
    "mood_description": "Frustrated",
    "stress_level": 6,
    "anxiety_level": 7,
    "sleep_hours": 6.7,
    "coping_strategies": [
      "Talked to a friend",
      "Read a book",
      "Healthy eating"
    ],
    "notes": "Feeling better than yesterday"
  },
  {
    "entry_id": "MH-083",
    "user_id": "user_5",
    "date": "2025-05-03",
    "mood_rating": 9,
    "mood_description": "Frustrated",
    "stress_level": 1,
    "anxiety_level": 7,
    "sleep_hours": 7.2,
    "coping_strategies": [
      "Journaling"
    ],
    "notes": "Need to focus more on self-care"
  },
  {
    "entry_id": "MH-084",
    "user_id": "user_3",
    "date": "2025-04-20",
    "mood_rating": 3,
    "mood_description": "Neutral",
    "stress_level": 7,
    "anxiety_level": 1,
    "sleep_hours": 6.6,
    "coping_strategies": [
      "Took a break from work"
    ],
    "notes": "Family issues affecting mood"
  },
  {
    "entry_id": "MH-085",
    "user_id": "user_3",
    "date": "2025-04-24",
    "mood_rating": 6,
    "mood_description": "Excited about upcoming events",
    "stress_level": 5,
    "anxiety_level": 9,
    "sleep_hours": 4.9,
    "coping_strategies": [],
    "notes": "Therapy session was helpful"
  },
  {
    "entry_id": "MH-086",
    "user_id": "user_4",
    "date": "2025-04-08",
    "mood_rating": 6,
    "mood_description": "Irritable",
    "stress_level": 2,
    "anxiety_level": 2,
    "sleep_hours": 5.1,
    "coping_strategies": [],
    "notes": "Therapy session was helpful"
  },
  {
    "entry_id": "MH-087",
    "user_id": "user_4",
    "date": "2025-04-28",
    "mood_rating": 3,
    "mood_description": "Calm and content",
    "stress_level": 5,
    "anxiety_level": 1,
    "sleep_hours": 8.8,
    "coping_strategies": [],
    "notes": "Feeling better than yesterday"
  },
  {
    "entry_id": "MH-088",
    "user_id": "user_4",
    "date": "2025-04-06",
    "mood_rating": 6,
    "mood_description": "Motivated",
    "stress_level": 6,
    "anxiety_level": 2,
    "sleep_hours": 5.3,
    "coping_strategies": [
      "Did some yoga"
    ],
    "notes": ""
  },
  {
    "entry_id": "MH-089",
    "user_id": "user_5",
    "date": "2025-04-30",
    "mood_rating": 4,
    "mood_description": "Feeling down",
    "stress_level": 9,
    "anxiety_level": 10,
    "sleep_hours": 9.0,
    "coping_strategies": [
      "Went for a walk"
    ],
    "notes": "Therapy session was helpful"
  },
  {
    "entry_id": "MH-090",
    "user_id": "user_2",
    "date": "2025-04-22",
    "mood_rating": 2,
    "mood_description": "Tired but positive",
    "stress_level": 10,
    "anxiety_level": 10,
    "sleep_hours": 6.9,
    "coping_strategies": [
      "Limited social media",
      "Journaling",
      "Practiced mindfulness"
    ],
    "notes": "Family issues affecting mood"
  },
  {
    "entry_id": "MH-091",
    "user_id": "user_4",
    "date": "2025-04-21",
    "mood_rating": 5,
    "mood_description": "Happy and energetic",
    "stress_level": 1,
    "anxiety_level": 2,
    "sleep_hours": 6.4,
    "coping_strategies": [
      "Limited social media",
      "Practiced mindfulness",
      "Journaling"
    ],
    "notes": "Therapy session was helpful"
  },
  {
    "entry_id": "MH-092",
    "user_id": "user_5",
    "date": "2025-04-14",
    "mood_rating": 7,
    "mood_description": "Frustrated",
    "stress_level": 4,
    "anxiety_level": 2,
    "sleep_hours": 5.5,
    "coping_strategies": [
      "Read a book",
      "Took a break from work"
    ],
    "notes": "Need to focus more on self-care"
  },
  {
    "entry_id": "MH-093",
    "user_id": "user_3",
    "date": "2025-04-19",
    "mood_rating": 1,
    "mood_description": "Feeling down",
    "stress_level": 7,
    "anxiety_level": 9,
    "sleep_hours": 7.9,
    "coping_strategies": [
      "Went for a walk",
      "Spent time in nature"
    ],
    "notes": "Need to focus more on self-care"
  },
  {
    "entry_id": "MH-094",
    "user_id": "user_1",
    "date": "2025-04-24",
    "mood_rating": 4,
    "mood_description": "Neutral",
    "stress_level": 4,
    "anxiety_level": 7,
    "sleep_hours": 6.8,
    "coping_strategies": [
      "Healthy eating",
      "Deep breathing exercises"
    ],
    "notes": "Family issues affecting mood"
  },
  {
    "entry_id": "MH-095",
    "user_id": "user_2",
    "date": "2025-04-17",
    "mood_rating": 6,
    "mood_description": "Slightly anxious",
    "stress_level": 4,
    "anxiety_level": 5,
    "sleep_hours": 8.1,
    "coping_strategies": [],
    "notes": "Need to focus more on self-care"
  },
  {
    "entry_id": "MH-096",
    "user_id": "user_2",
    "date": "2025-04-06",
    "mood_rating": 4,
    "mood_description": "Calm and content",
    "stress_level": 6,
    "anxiety_level": 6,
    "sleep_hours": 6.5,
    "coping_strategies": [],
    "notes": "Had a good day overall"
  },
  {
    "entry_id": "MH-097",
    "user_id": "user_1",
    "date": "2025-04-18",
    "mood_rating": 5,
    "mood_description": "Irritable",
    "stress_level": 6,
    "anxiety_level": 6,
    "sleep_hours": 5.6,
    "coping_strategies": [
      "Spent time in nature",
      "Journaling",
      "Meditation session"
    ],
    "notes": "Struggled with work stress"
  },
  {
    "entry_id": "MH-098",
    "user_id": "user_1",
    "date": "2025-04-17",
    "mood_rating": 8,
    "mood_description": "Worried about work",
    "stress_level": 7,
    "anxiety_level": 9,
    "sleep_hours": 8.3,
    "coping_strategies": [],
    "notes": "Feeling better than yesterday"
  },
  {
    "entry_id": "MH-099",
    "user_id": "user_2",
    "date": "2025-04-26",
    "mood_rating": 6,
    "mood_description": "Excited about upcoming events",
    "stress_level": 5,
    "anxiety_level": 10,
    "sleep_hours": 5.0,
    "coping_strategies": [
      "Spent time in nature"
    ],
    "notes": "Made progress on personal goals"
  },
  {
    "entry_id": "MH-100",
    "user_id": "user_4",
    "date": "2025-04-26",
    "mood_rating": 9,
    "mood_description": "Worried about work",
    "stress_level": 3,
    "anxiety_level": 9,
    "sleep_hours": 6.7,
    "coping_strategies": [
      "Spent time in nature",
      "Took a break from work"
    ],
    "notes": "Made progress on personal goals"
  }
]