{
  "users": [
    {
      "user_id": "6f6b34ea-0c83-45ce-9992-133335ba4bde",
      "first_name": "John",
      "last_name": "Doe",
      "email": "john.doe@example.com",
      "date_of_birth": "1985-06-15",
      "age": 38,
      "gender": "Male",
      "blood_type": "O+",
      "height_cm": 178,
      "weight_kg": 92,
      "health_conditions": [
        "High Cholesterol"
      ],
      "medications": [
        "Atorvastatin"
      ],
      "allergies": [
        "Peanuts"
      ],
      "user_tier": "premium",
      "account_created": "2023-01-15",
      "last_login": "2025-04-24",
      "preferences": {
        "notification_enabled": true,
        "reminder_frequency": "daily",
        "preferred_contact_method": "app",
        "language": "English"
      },
      "diet": "vegan",
      "goal": "weight loss",
      "fitness_level": "moderate",
      "weekly_exercise_minutes": 150
    },
    {
      "user_id": "19a707b0-c44f-4874-ad22-803df4dab210",
      "first_name": "Richard",
      "last_name": "White",
      "email": "richard.white@example.com",
      "date_of_birth": "1976-05-06",
      "age": 49,
      "gender": "Other",
      "blood_type": "O+",
      "height_cm": 190,
      "weight_kg": 94,
      "health_conditions": [
        "Arthritis",
        "Migraine",
        "High Cholesterol"
      ],
      "medications": [
        "Ibuprofen",
        "Sumatriptan",
        "Atorvastatin"
      ],
      "allergies": [
        "Shellfish"
      ],
      "user_tier": "trial",
      "account_created": "2025-04-03",
      "last_login": "2025-04-22",
      "preferences": {
        "notification_enabled": true,
        "reminder_frequency": "daily",
        "preferred_contact_method": "app",
        "language": "Spanish"
      },
      "diet": "vegan",
      "goal": "better sleep",
      "fitness_level": "active",
      "weekly_exercise_minutes": 30
    },
    {
      "user_id": "ea850399-123d-45a3-9f26-455838ab1a0e",
      "first_name": "Elizabeth",
      "last_name": "Martin",
      "email": "elizabeth.martin@example.com",
      "date_of_birth": "2002-04-30",
      "age": 23,
      "gender": "Male",
      "blood_type": "O+",
      "height_cm": 165,
      "weight_kg": 84,
      "health_conditions": [
        "Allergies",
        "Hypothyroidism"
      ],
      "medications": [
        "Cetirizine",
        "Levothyroxine"
      ],
      "allergies": [
        "Dairy"
      ],
      "user_tier": "standard",
      "account_created": "2024-05-06",
      "last_login": "2025-03-28",
      "preferences": {
        "notification_enabled": false,
        "reminder_frequency": "daily",
        "preferred_contact_method": "sms",
        "language": "English"
      },
      "diet": "omnivore",
      "goal": "better sleep",
      "fitness_level": "light",
      "weekly_exercise_minutes": 300
    },
    {
      "user_id": "0f7a4966-92d4-43e0-8564-403f7b8cb2f7",
      "first_name": "Mary",
      "last_name": "Smith",
      "email": "mary.smith@example.com",
      "date_of_birth": "1954-05-12",
      "age": 71,
      "gender": "Female",
      "blood_type": "B-",
      "height_cm": 159,
      "weight_kg": 112,
      "health_conditions": [
        "Hypothyroidism",
        "GERD",
        "Depression"
      ],
      "medications": [
        "Levothyroxine",
        "Omeprazole",
        "Fluoxetine"
      ],
      "allergies": [],
      "user_tier": "trial",
      "account_created": "2025-01-02",
      "last_login": "2025-04-09",
      "preferences": {
        "notification_enabled": true,
        "reminder_frequency": "as_needed",
        "preferred_contact_method": "email",
        "language": "French"
      },
      "diet": "paleo",
      "goal": "stress reduction",
      "fitness_level": "very active",
      "weekly_exercise_minutes": 180
    },
    {
      "user_id": "ba4b6322-7e2a-4f09-83eb-b7e1fd47e055",
      "first_name": "Elizabeth",
      "last_name": "Williams",
      "email": "elizabeth.williams@example.com",
      "date_of_birth": "1949-05-13",
      "age": 76,
      "gender": "Male",
      "blood_type": "B+",
      "height_cm": 193,
      "weight_kg": 84,
      "health_conditions": [
        "Allergies",
        "High Cholesterol",
        "Arthritis"
      ],
      "medications": [
        "Cetirizine",
        "Atorvastatin",
        "Ibuprofen"
      ],
      "allergies": [],
      "user_tier": "trial",
      "account_created": "2024-12-12",
      "last_login": "2025-04-12",
      "preferences": {
        "notification_enabled": false,
        "reminder_frequency": "weekly",
        "preferred_contact_method": "app",
        "language": "German"
      },
      "diet": "dairy-free",
      "goal": "improve fitness",
      "fitness_level": "light",
      "weekly_exercise_minutes": 180
    },
    {
      "user_id": "350730cf-81c9-43d0-9fae-e47c58f393cf",
      "first_name": "John",
      "last_name": "Harris",
      "email": "john.harris@example.com",
      "date_of_birth": "1992-05-02",
      "age": 33,
      "gender": "Male",
      "blood_type": "B-",
      "height_cm": 168,
      "weight_kg": 72,
      "health_conditions": [
        "Type 2 Diabetes"
      ],
      "medications": [
        "Metformin"
      ],
      "allergies": [
        "Eggs"
      ],
      "user_tier": "premium",
      "account_created": "2024-06-23",
      "last_login": "2025-04-16",
      "preferences": {
        "notification_enabled": true,
        "reminder_frequency": "daily",
        "preferred_contact_method": "app",
        "language": "French"
      },
      "diet": "gluten-free",
      "goal": "stress reduction",
      "fitness_level": "light",
      "weekly_exercise_minutes": 210
    },
    {
      "user_id": "80a681e0-e253-421f-b04b-e1f82f1fd17e",
      "first_name": "Michael",
      "last_name": "Davis",
      "email": "michael.davis@example.com",
      "date_of_birth": "1998-05-01",
      "age": 27,
      "gender": "Other",
      "blood_type": "AB-",
      "height_cm": 161,
      "weight_kg": 73,
      "health_conditions": [],
      "medications": [],
      "allergies": [],
      "user_tier": "trial",
      "account_created": "2024-09-01",
      "last_login": "2025-04-05",
      "preferences": {
        "notification_enabled": true,
        "reminder_frequency": "daily",
        "preferred_contact_method": "app",
        "language": "Chinese"
      },
      "diet": "pescatarian",
      "goal": "stress reduction",
      "fitness_level": "sedentary",
      "weekly_exercise_minutes": 210
    },
    {
      "user_id": "d345e19a-e752-4f24-b339-6ac64f482860",
      "first_name": "Patricia",
      "last_name": "Harris",
      "email": "patricia.harris@example.com",
      "date_of_birth": "1996-05-01",
      "age": 29,
      "gender": "Other",
      "blood_type": "O+",
      "height_cm": 193,
      "weight_kg": 88,
      "health_conditions": [],
      "medications": [],
      "allergies": [
        "Dairy"
      ],
      "user_tier": "standard",
      "account_created": "2024-04-27",
      "last_login": "2025-03-28",
      "preferences": {
        "notification_enabled": true,
        "reminder_frequency": "as_needed",
        "preferred_contact_method": "sms",
        "language": "Spanish"
      },
      "diet": "omnivore",
      "goal": "increase energy",
      "fitness_level": "very active",
      "weekly_exercise_minutes": 120
    },
    {
      "user_id": "773c8252-baf1-4dd8-ada6-1d4c85a7c122",
      "first_name": "William",
      "last_name": "Davis",
      "email": "william.davis@example.com",
      "date_of_birth": "1986-05-04",
      "age": 39,
      "gender": "Other",
      "blood_type": "B-",
      "height_cm": 163,
      "weight_kg": 64,
      "health_conditions": [
        "Anxiety"
      ],
      "medications": [
        "Sertraline"
      ],
      "allergies": [],
      "user_tier": "premium",
      "account_created": "2024-07-22",
      "last_login": "2025-04-08",
      "preferences": {
        "notification_enabled": true,
        "reminder_frequency": "weekly",
        "preferred_contact_method": "sms",
        "language": "French"
      },
      "diet": "vegetarian",
      "goal": "increase energy",
      "fitness_level": "light",
      "weekly_exercise_minutes": 120
    },
    {
      "user_id": "c3c8566b-b382-47b8-96df-e065b123021c",
      "first_name": "Joseph",
      "last_name": "Thomas",
      "email": "joseph.thomas@example.com",
      "date_of_birth": "1949-05-13",
      "age": 76,
      "gender": "Male",
      "blood_type": "B+",
      "height_cm": 165,
      "weight_kg": 120,
      "health_conditions": [
        "Arthritis",
        "Allergies",
        "Migraine"
      ],
      "medications": [
        "Ibuprofen",
        "Cetirizine",
        "Sumatriptan"
      ],
      "allergies": [],
      "user_tier": "trial",
      "account_created": "2024-10-15",
      "last_login": "2025-04-17",
      "preferences": {
        "notification_enabled": true,
        "reminder_frequency": "weekly",
        "preferred_contact_method": "sms",
        "language": "Chinese"
      },
      "diet": "vegan",
      "goal": "lower blood pressure",
      "fitness_level": "very active",
      "weekly_exercise_minutes": 0
    },
    {
      "user_id": "e27c011e-edf3-4918-8d2c-95bc4ae466c9",
      "first_name": "Joseph",
      "last_name": "Martin",
      "email": "joseph.martin@example.com",
      "date_of_birth": "1997-05-01",
      "age": 28,
      "gender": "Male",
      "blood_type": "O-",
      "height_cm": 178,
      "weight_kg": 51,
      "health_conditions": [
        "High Cholesterol",
        "Depression"
      ],
      "medications": [
        "Atorvastatin",
        "Fluoxetine"
      ],
      "allergies": [
        "Eggs"
      ],
      "user_tier": "standard",
      "account_created": "2024-07-05",
      "last_login": "2025-04-15",
      "preferences": {
        "notification_enabled": true,
        "reminder_frequency": "weekly",
        "preferred_contact_method": "email",
        "language": "English"
      },
      "diet": "gluten-free",
      "goal": "maintenance",
      "fitness_level": "sedentary",
      "weekly_exercise_minutes": 0
    },
    {
      "user_id": "6200affb-1a9a-49d6-94e1-465da3a27085",
      "first_name": "James",
      "last_name": "Davis",
      "email": "james.davis@example.com",
      "date_of_birth": "2007-04-29",
      "age": 18,
      "gender": "Male",
      "blood_type": "B+",
      "height_cm": 179,
      "weight_kg": 60,
      "health_conditions": [
        "High Cholesterol"
      ],
      "medications": [
        "Atorvastatin"
      ],
      "allergies": [],
      "user_tier": "standard",
      "account_created": "2024-10-04",
      "last_login": "2025-04-05",
      "preferences": {
        "notification_enabled": false,
        "reminder_frequency": "weekly",
        "preferred_contact_method": "email",
        "language": "French"
      },
      "diet": "dairy-free",
      "goal": "muscle gain",
      "fitness_level": "very active",
      "weekly_exercise_minutes": 0
    },
    {
      "user_id": "ab930569-e0cc-4082-9d18-c0119709d2ff",
      "first_name": "John",
      "last_name": "Jackson",
      "email": "john.jackson@example.com",
      "date_of_birth": "1984-05-04",
      "age": 41,
      "gender": "Male",
      "blood_type": "O-",
      "height_cm": 158,
      "weight_kg": 58,
      "health_conditions": [
        "Hypertension"
      ],
      "medications": [
        "Lisinopril"
      ],
      "allergies": [
        "Shellfish"
      ],
      "user_tier": "standard",
      "account_created": "2024-10-24",
      "last_login": "2025-04-10",
      "preferences": {
        "notification_enabled": false,
        "reminder_frequency": "as_needed",
        "preferred_contact_method": "app",
        "language": "Spanish"
      },
      "diet": "dairy-free",
      "goal": "manage diabetes",
      "fitness_level": "sedentary",
      "weekly_exercise_minutes": 300
    },
    {
      "user_id": "340f251c-6047-4b02-8102-3e748ceffd4a",
      "first_name": "Richard",
      "last_name": "Brown",
      "email": "richard.brown@example.com",
      "date_of_birth": "1974-05-07",
      "age": 51,
      "gender": "Male",
      "blood_type": "O+",
      "height_cm": 156,
      "weight_kg": 69,
      "health_conditions": [
        "Anxiety",
        "Depression"
      ],
      "medications": [
        "Sertraline",
        "Fluoxetine"
      ],
      "allergies": [
        "Dairy",
        "Penicillin"
      ],
      "user_tier": "standard",
      "account_created": "2024-06-13",
      "last_login": "2025-04-12",
      "preferences": {
        "notification_enabled": false,
        "reminder_frequency": "as_needed",
        "preferred_contact_method": "app",
        "language": "French"
      },
      "diet": "omnivore",
      "goal": "maintenance",
      "fitness_level": "light",
      "weekly_exercise_minutes": 90
    },
    {
      "user_id": "f8e05e36-85e1-4e07-85ea-ffda87a1900b",
      "first_name": "James",
      "last_name": "Smith",
      "email": "james.smith@example.com",
      "date_of_birth": "1961-05-10",
      "age": 64,
      "gender": "Male",
      "blood_type": "O+",
      "height_cm": 167,
      "weight_kg": 84,
      "health_conditions": [
        "Allergies",
        "High Cholesterol"
      ],
      "medications": [
        "Cetirizine",
        "Atorvastatin"
      ],
      "allergies": [],
      "user_tier": "premium",
      "account_created": "2025-02-01",
      "last_login": "2025-04-08",
      "preferences": {
        "notification_enabled": false,
        "reminder_frequency": "as_needed",
        "preferred_contact_method": "sms",
        "language": "English"
      },
      "diet": "dairy-free",
      "goal": "better sleep",
      "fitness_level": "sedentary",
      "weekly_exercise_minutes": 30
    },
    {
      "user_id": "be48163c-d5a5-42d9-a265-903202f2bede",
      "first_name": "Jessica",
      "last_name": "Martin",
      "email": "jessica.martin@example.com",
      "date_of_birth": "1976-05-06",
      "age": 49,
      "gender": "Female",
      "blood_type": "AB-",
      "height_cm": 164,
      "weight_kg": 95,
      "health_conditions": [
        "Hypertension",
        "Type 2 Diabetes"
      ],
      "medications": [
        "Lisinopril",
        "Metformin"
      ],
      "allergies": [
        "Dairy",
        "Pollen"
      ],
      "user_tier": "standard",
      "account_created": "2024-10-25",
      "last_login": "2025-04-12",
      "preferences": {
        "notification_enabled": false,
        "reminder_frequency": "daily",
        "preferred_contact_method": "email",
        "language": "Chinese"
      },
      "diet": "vegan",
      "goal": "improve fitness",
      "fitness_level": "light",
      "weekly_exercise_minutes": 60
    },
    {
      "user_id": "efcb5332-7c13-42ec-9fe8-00b949c20033",
      "first_name": "James",
      "last_name": "Taylor",
      "email": "james.taylor@example.com",
      "date_of_birth": "1998-05-01",
      "age": 27,
      "gender": "Female",
      "blood_type": "AB+",
      "height_cm": 199,
      "weight_kg": 102,
      "health_conditions": [
        "Hypertension",
        "Type 2 Diabetes",
        "Asthma"
      ],
      "medications": [
        "Lisinopril",
        "Metformin",
        "Albuterol"
      ],
      "allergies": [
        "Pollen"
      ],
      "user_tier": "premium",
      "account_created": "2025-01-30",
      "last_login": "2025-04-10",
      "preferences": {
        "notification_enabled": true,
        "reminder_frequency": "as_needed",
        "preferred_contact_method": "email",
        "language": "French"
      },
      "diet": "paleo",
      "goal": "lower blood pressure",
      "fitness_level": "sedentary",
      "weekly_exercise_minutes": 150
    },
    {
      "user_id": "3dab3df0-8071-49b0-94fa-4f9169e8f300",
      "first_name": "Barbara",
      "last_name": "Harris",
      "email": "barbara.harris@example.com",
      "date_of_birth": "1943-05-15",
      "age": 82,
      "gender": "Other",
      "blood_type": "B-",
      "height_cm": 177,
      "weight_kg": 76,
      "health_conditions": [
        "Asthma",
        "Hypertension",
        "Type 2 Diabetes"
      ],
      "medications": [
        "Albuterol",
        "Lisinopril",
        "Metformin"
      ],
      "allergies": [
        "Penicillin"
      ],
      "user_tier": "premium",
      "account_created": "2024-12-15",
      "last_login": "2025-04-04",
      "preferences": {
        "notification_enabled": false,
        "reminder_frequency": "weekly",
        "preferred_contact_method": "email",
        "language": "German"
      },
      "diet": "pescatarian",
      "goal": "maintenance",
      "fitness_level": "moderate",
      "weekly_exercise_minutes": 60
    },
    {
      "user_id": "5b4f224d-d65f-4c8b-b85a-f85871c099a2",
      "first_name": "Jennifer",
      "last_name": "Miller",
      "email": "jennifer.miller@example.com",
      "date_of_birth": "1991-05-03",
      "age": 34,
      "gender": "Male",
      "blood_type": "B+",
      "height_cm": 196,
      "weight_kg": 97,
      "health_conditions": [],
      "medications": [],
      "allergies": [],
      "user_tier": "trial",
      "account_created": "2024-11-07",
      "last_login": "2025-04-22",
      "preferences": {
        "notification_enabled": true,
        "reminder_frequency": "as_needed",
        "preferred_contact_method": "sms",
        "language": "German"
      },
      "diet": "dairy-free",
      "goal": "stress reduction",
      "fitness_level": "moderate",
      "weekly_exercise_minutes": 180
    },
    {
      "user_id": "b1c7c539-52e7-465b-8600-01031da1ce9e",
      "first_name": "Joseph",
      "last_name": "Anderson",
      "email": "joseph.anderson@example.com",
      "date_of_birth": "2003-04-30",
      "age": 22,
      "gender": "Other",
      "blood_type": "O+",
      "height_cm": 164,
      "weight_kg": 112,
      "health_conditions": [
        "Type 2 Diabetes",
        "Migraine"
      ],
      "medications": [
        "Metformin",
        "Sumatriptan"
      ],
      "allergies": [
        "Pollen",
        "Penicillin"
      ],
      "user_tier": "trial",
      "account_created": "2024-11-02",
      "last_login": "2025-04-12",
      "preferences": {
        "notification_enabled": true,
        "reminder_frequency": "weekly",
        "preferred_contact_method": "app",
        "language": "Spanish"
      },
      "diet": "omnivore",
      "goal": "maintenance",
      "fitness_level": "light",
      "weekly_exercise_minutes": 150
    },
    {
      "user_id": "ea73f6ef-1c5a-4c71-833f-d4bdbb1b9ab1",
      "first_name": "Barbara",
      "last_name": "Johnson",
      "email": "barbara.johnson@example.com",
      "date_of_birth": "1995-05-02",
      "age": 30,
      "gender": "Other",
      "blood_type": "B-",
      "height_cm": 192,
      "weight_kg": 49,
      "health_conditions": [
        "Arthritis"
      ],
      "medications": [
        "Ibuprofen"
      ],
      "allergies": [
        "Dairy",
        "Peanuts"
      ],
      "user_tier": "trial",
      "account_created": "2024-05-24",
      "last_login": "2025-04-15",
      "preferences": {
        "notification_enabled": true,
        "reminder_frequency": "weekly",
        "preferred_contact_method": "app",
        "language": "French"
      },
      "diet": "keto",
      "goal": "manage diabetes",
      "fitness_level": "moderate",
      "weekly_exercise_minutes": 0
    },
    {
      "user_id": "bc4cad2b-aaa8-4a80-bd4a-883e073a236d",
      "first_name": "Richard",
      "last_name": "Martin",
      "email": "richard.martin@example.com",
      "date_of_birth": "1943-05-15",
      "age": 82,
      "gender": "Other",
      "blood_type": "AB-",
      "height_cm": 196,
      "weight_kg": 104,
      "health_conditions": [],
      "medications": [],
      "allergies": [
        "Penicillin",
        "Peanuts"
      ],
      "user_tier": "trial",
      "account_created": "2025-02-21",
      "last_login": "2025-04-15",
      "preferences": {
        "notification_enabled": true,
        "reminder_frequency": "as_needed",
        "preferred_contact_method": "email",
        "language": "Spanish"
      },
      "diet": "vegetarian",
      "goal": "better sleep",
      "fitness_level": "sedentary",
      "weekly_exercise_minutes": 180
    },
    {
      "user_id": "d13a497f-b37c-450a-a949-46f16251fd95",
      "first_name": "Patricia",
      "last_name": "Davis",
      "email": "patricia.davis@example.com",
      "date_of_birth": "2006-04-29",
      "age": 19,
      "gender": "Male",
      "blood_type": "B+",
      "height_cm": 153,
      "weight_kg": 72,
      "health_conditions": [
        "Hypertension",
        "Arthritis"
      ],
      "medications": [
        "Lisinopril",
        "Ibuprofen"
      ],
      "allergies": [
        "Peanuts",
        "Eggs"
      ],
      "user_tier": "premium",
      "account_created": "2024-06-22",
      "last_login": "2025-03-30",
      "preferences": {
        "notification_enabled": false,
        "reminder_frequency": "weekly",
        "preferred_contact_method": "email",
        "language": "French"
      },
      "diet": "vegan",
      "goal": "manage diabetes",
      "fitness_level": "sedentary",
      "weekly_exercise_minutes": 150
    },
    {
      "user_id": "6396aefc-a4e9-42ca-857e-37a9c0f59ec5",
      "first_name": "Barbara",
      "last_name": "Smith",
      "email": "barbara.smith@example.com",
      "date_of_birth": "1961-05-10",
      "age": 64,
      "gender": "Female",
      "blood_type": "AB+",
      "height_cm": 154,
      "weight_kg": 97,
      "health_conditions": [
        "Hypertension",
        "Anxiety"
      ],
      "medications": [
        "Lisinopril",
        "Sertraline"
      ],
      "allergies": [
        "Shellfish",
        "Penicillin"
      ],
      "user_tier": "premium",
      "account_created": "2025-01-05",
      "last_login": "2025-04-13",
      "preferences": {
        "notification_enabled": false,
        "reminder_frequency": "weekly",
        "preferred_contact_method": "sms",
        "language": "Spanish"
      },
      "diet": "keto",
      "goal": "muscle gain",
      "fitness_level": "sedentary",
      "weekly_exercise_minutes": 300
    },
    {
      "user_id": "6279b127-93cf-4b8c-91c6-60ec56a55e67",
      "first_name": "David",
      "last_name": "Jackson",
      "email": "david.jackson@example.com",
      "date_of_birth": "1943-05-15",
      "age": 82,
      "gender": "Female",
      "blood_type": "O-",
      "height_cm": 152,
      "weight_kg": 92,
      "health_conditions": [
        "Allergies",
        "High Cholesterol",
        "Hypothyroidism"
      ],
      "medications": [
        "Cetirizine",
        "Atorvastatin",
        "Levothyroxine"
      ],
      "allergies": [],
      "user_tier": "standard",
      "account_created": "2024-08-01",
      "last_login": "2025-04-06",
      "preferences": {
        "notification_enabled": false,
        "reminder_frequency": "daily",
        "preferred_contact_method": "app",
        "language": "Chinese"
      },
      "diet": "keto",
      "goal": "muscle gain",
      "fitness_level": "active",
      "weekly_exercise_minutes": 60
    },
    {
      "user_id": "e93b855c-00ce-4706-8bc5-9a2fa321cfa3",
      "first_name": "John",
      "last_name": "Jackson",
      "email": "john.jackson@example.com",
      "date_of_birth": "1948-05-13",
      "age": 77,
      "gender": "Female",
      "blood_type": "AB+",
      "height_cm": 200,
      "weight_kg": 119,
      "health_conditions": [
        "Migraine"
      ],
      "medications": [
        "Sumatriptan"
      ],
      "allergies": [],
      "user_tier": "premium",
      "account_created": "2024-07-26",
      "last_login": "2025-04-19",
      "preferences": {
        "notification_enabled": false,
        "reminder_frequency": "weekly",
        "preferred_contact_method": "sms",
        "language": "German"
      },
      "diet": "pescatarian",
      "goal": "better sleep",
      "fitness_level": "active",
      "weekly_exercise_minutes": 210
    },
    {
      "user_id": "222ee104-4422-4c18-8e85-09b9103d0195",
      "first_name": "Michael",
      "last_name": "Taylor",
      "email": "michael.taylor@example.com",
      "date_of_birth": "1964-05-09",
      "age": 61,
      "gender": "Female",
      "blood_type": "AB+",
      "height_cm": 155,
      "weight_kg": 79,
      "health_conditions": [
        "Hypertension"
      ],
      "medications": [
        "Lisinopril"
      ],
      "allergies": [
        "Latex",
        "Dairy"
      ],
      "user_tier": "standard",
      "account_created": "2025-03-06",
      "last_login": "2025-03-27",
      "preferences": {
        "notification_enabled": true,
        "reminder_frequency": "daily",
        "preferred_contact_method": "sms",
        "language": "English"
      },
      "diet": "omnivore",
      "goal": "manage diabetes",
      "fitness_level": "light",
      "weekly_exercise_minutes": 210
    },
    {
      "user_id": "f45c4feb-2b60-4b25-b9ca-68209d141696",
      "first_name": "John",
      "last_name": "Anderson",
      "email": "john.anderson@example.com",
      "date_of_birth": "1958-05-11",
      "age": 67,
      "gender": "Female",
      "blood_type": "AB-",
      "height_cm": 168,
      "weight_kg": 55,
      "health_conditions": [
        "GERD",
        "Anxiety",
        "Hypothyroidism"
      ],
      "medications": [
        "Omeprazole",
        "Sertraline",
        "Levothyroxine"
      ],
      "allergies": [],
      "user_tier": "standard",
      "account_created": "2025-04-10",
      "last_login": "2025-03-27",
      "preferences": {
        "notification_enabled": true,
        "reminder_frequency": "weekly",
        "preferred_contact_method": "email",
        "language": "Spanish"
      },
      "diet": "vegan",
      "goal": "better sleep",
      "fitness_level": "sedentary",
      "weekly_exercise_minutes": 60
    },
    {
      "user_id": "3eb49b1e-efd5-4700-afcf-ef9171f3396d",
      "first_name": "Jessica",
      "last_name": "Jackson",
      "email": "jessica.jackson@example.com",
      "date_of_birth": "1973-05-07",
      "age": 52,
      "gender": "Other",
      "blood_type": "O-",
      "height_cm": 189,
      "weight_kg": 78,
      "health_conditions": [
        "Hypertension"
      ],
      "medications": [
        "Lisinopril"
      ],
      "allergies": [
        "Penicillin",
        "Pollen"
      ],
      "user_tier": "standard",
      "account_created": "2025-04-19",
      "last_login": "2025-04-04",
      "preferences": {
        "notification_enabled": true,
        "reminder_frequency": "daily",
        "preferred_contact_method": "sms",
        "language": "Spanish"
      },
      "diet": "omnivore",
      "goal": "manage diabetes",
      "fitness_level": "very active",
      "weekly_exercise_minutes": 0
    },
    {
      "user_id": "763e2566-7e2c-4767-a602-8ce224b5138a",
      "first_name": "David",
      "last_name": "Martin",
      "email": "david.martin@example.com",
      "date_of_birth": "1991-05-03",
      "age": 34,
      "gender": "Male",
      "blood_type": "O+",
      "height_cm": 181,
      "weight_kg": 104,
      "health_conditions": [],
      "medications": [],
      "allergies": [
        "Peanuts",
        "Shellfish"
      ],
      "user_tier": "trial",
      "account_created": "2024-05-15",
      "last_login": "2025-04-03",
      "preferences": {
        "notification_enabled": true,
        "reminder_frequency": "as_needed",
        "preferred_contact_method": "sms",
        "language": "English"
      },
      "diet": "vegetarian",
      "goal": "increase energy",
      "fitness_level": "sedentary",
      "weekly_exercise_minutes": 150
    },
    {
      "user_id": "ba61c77a-6d7e-4e9a-b2c2-116119327d43",
      "first_name": "Susan",
      "last_name": "Wilson",
      "email": "susan.wilson@example.com",
      "date_of_birth": "1959-05-11",
      "age": 66,
      "gender": "Female",
      "blood_type": "A+",
      "height_cm": 194,
      "weight_kg": 91,
      "health_conditions": [
        "Type 2 Diabetes",
        "Arthritis",
        "High Cholesterol"
      ],
      "medications": [
        "Metformin",
        "Ibuprofen",
        "Atorvastatin"
      ],
      "allergies": [
        "Dairy",
        "Shellfish"
      ],
      "user_tier": "premium",
      "account_created": "2024-08-20",
      "last_login": "2025-04-01",
      "preferences": {
        "notification_enabled": false,
        "reminder_frequency": "daily",
        "preferred_contact_method": "email",
        "language": "Chinese"
      },
      "diet": "omnivore",
      "goal": "increase energy",
      "fitness_level": "moderate",
      "weekly_exercise_minutes": 0
    },
    {
      "user_id": "5b1eb590-b00d-4f3e-a23f-5f041f127929",
      "first_name": "Barbara",
      "last_name": "Martin",
      "email": "barbara.martin@example.com",
      "date_of_birth": "1944-05-14",
      "age": 81,
      "gender": "Male",
      "blood_type": "AB-",
      "height_cm": 176,
      "weight_kg": 74,
      "health_conditions": [
        "High Cholesterol",
        "Anxiety",
        "Arthritis"
      ],
      "medications": [
        "Atorvastatin",
        "Sertraline",
        "Ibuprofen"
      ],
      "allergies": [
        "Pollen"
      ],
      "user_tier": "premium",
      "account_created": "2024-09-14",
      "last_login": "2025-04-15",
      "preferences": {
        "notification_enabled": true,
        "reminder_frequency": "daily",
        "preferred_contact_method": "email",
        "language": "French"
      },
      "diet": "vegetarian",
      "goal": "weight loss",
      "fitness_level": "sedentary",
      "weekly_exercise_minutes": 240
    },
    {
      "user_id": "976e0a79-a185-4f00-a9e8-11c2a5c6d50f",
      "first_name": "Linda",
      "last_name": "Thomas",
      "email": "linda.thomas@example.com",
      "date_of_birth": "1941-05-15",
      "age": 84,
      "gender": "Male",
      "blood_type": "AB+",
      "height_cm": 166,
      "weight_kg": 79,
      "health_conditions": [
        "Asthma",
        "High Cholesterol",
        "Anxiety"
      ],
      "medications": [
        "Albuterol",
        "Atorvastatin",
        "Sertraline"
      ],
      "allergies": [],
      "user_tier": "premium",
      "account_created": "2025-04-10",
      "last_login": "2025-04-02",
      "preferences": {
        "notification_enabled": false,
        "reminder_frequency": "as_needed",
        "preferred_contact_method": "app",
        "language": "Spanish"
      },
      "diet": "pescatarian",
      "goal": "stress reduction",
      "fitness_level": "moderate",
      "weekly_exercise_minutes": 60
    },
    {
      "user_id": "bf43f29b-6f88-4fb9-8041-e47c78e3542a",
      "first_name": "Richard",
      "last_name": "Jackson",
      "email": "richard.jackson@example.com",
      "date_of_birth": "2006-04-29",
      "age": 19,
      "gender": "Male",
      "blood_type": "A-",
      "height_cm": 159,
      "weight_kg": 69,
      "health_conditions": [
        "Hypothyroidism",
        "Hypertension"
      ],
      "medications": [
        "Levothyroxine",
        "Lisinopril"
      ],
      "allergies": [
        "Eggs",
        "Peanuts"
      ],
      "user_tier": "premium",
      "account_created": "2024-12-31",
      "last_login": "2025-04-18",
      "preferences": {
        "notification_enabled": true,
        "reminder_frequency": "as_needed",
        "preferred_contact_method": "email",
        "language": "German"
      },
      "diet": "omnivore",
      "goal": "improve fitness",
      "fitness_level": "sedentary",
      "weekly_exercise_minutes": 120
    },
    {
      "user_id": "10201c4a-3976-4df5-96ca-c57b70ea9a8f",
      "first_name": "Barbara",
      "last_name": "Wilson",
      "email": "barbara.wilson@example.com",
      "date_of_birth": "1975-05-07",
      "age": 50,
      "gender": "Other",
      "blood_type": "AB+",
      "height_cm": 197,
      "weight_kg": 119,
      "health_conditions": [],
      "medications": [],
      "allergies": [
        "Shellfish",
        "Peanuts"
      ],
      "user_tier": "premium",
      "account_created": "2025-02-24",
      "last_login": "2025-03-31",
      "preferences": {
        "notification_enabled": true,
        "reminder_frequency": "as_needed",
        "preferred_contact_method": "sms",
        "language": "Spanish"
      },
      "diet": "keto",
      "goal": "increase energy",
      "fitness_level": "moderate",
      "weekly_exercise_minutes": 150
    },
    {
      "user_id": "8a3fda9a-d236-480f-8532-86f60bd4611b",
      "first_name": "Barbara",
      "last_name": "Williams",
      "email": "barbara.williams@example.com",
      "date_of_birth": "2005-04-29",
      "age": 20,
      "gender": "Other",
      "blood_type": "AB-",
      "height_cm": 185,
      "weight_kg": 98,
      "health_conditions": [
        "Depression",
        "Anxiety"
      ],
      "medications": [
        "Fluoxetine",
        "Sertraline"
      ],
      "allergies": [
        "Peanuts"
      ],
      "user_tier": "trial",
      "account_created": "2025-03-13",
      "last_login": "2025-04-20",
      "preferences": {
        "notification_enabled": true,
        "reminder_frequency": "daily",
        "preferred_contact_method": "sms",
        "language": "French"
      },
      "diet": "dairy-free",
      "goal": "muscle gain",
      "fitness_level": "moderate",
      "weekly_exercise_minutes": 60
    },
    {
      "user_id": "0b4bdd09-3d7e-470e-ad83-3453cbeea265",
      "first_name": "Mary",
      "last_name": "Davis",
      "email": "mary.davis@example.com",
      "date_of_birth": "1973-05-07",
      "age": 52,
      "gender": "Male",
      "blood_type": "O+",
      "height_cm": 163,
      "weight_kg": 55,
      "health_conditions": [],
      "medications": [],
      "allergies": [
        "Shellfish",
        "Latex"
      ],
      "user_tier": "trial",
      "account_created": "2024-11-22",
      "last_login": "2025-04-08",
      "preferences": {
        "notification_enabled": false,
        "reminder_frequency": "as_needed",
        "preferred_contact_method": "sms",
        "language": "German"
      },
      "diet": "keto",
      "goal": "improve fitness",
      "fitness_level": "very active",
      "weekly_exercise_minutes": 180
    },
    {
      "user_id": "a65ae80d-2b81-4189-b575-f34e0c3e74d7",
      "first_name": "Patricia",
      "last_name": "Harris",
      "email": "patricia.harris@example.com",
      "date_of_birth": "2000-04-30",
      "age": 25,
      "gender": "Male",
      "blood_type": "AB-",
      "height_cm": 196,
      "weight_kg": 60,
      "health_conditions": [
        "Hypertension"
      ],
      "medications": [
        "Lisinopril"
      ],
      "allergies": [
        "Latex",
        "Pollen"
      ],
      "user_tier": "standard",
      "account_created": "2025-02-20",
      "last_login": "2025-04-04",
      "preferences": {
        "notification_enabled": true,
        "reminder_frequency": "as_needed",
        "preferred_contact_method": "sms",
        "language": "German"
      },
      "diet": "omnivore",
      "goal": "lower blood pressure",
      "fitness_level": "very active",
      "weekly_exercise_minutes": 90
    },
    {
      "user_id": "915da4d1-776f-44ba-aaa3-291ee3364627",
      "first_name": "Mary",
      "last_name": "Jackson",
      "email": "mary.jackson@example.com",
      "date_of_birth": "1966-05-09",
      "age": 59,
      "gender": "Male",
      "blood_type": "AB-",
      "height_cm": 199,
      "weight_kg": 48,
      "health_conditions": [],
      "medications": [],
      "allergies": [
        "Shellfish"
      ],
      "user_tier": "standard",
      "account_created": "2025-01-20",
      "last_login": "2025-03-31",
      "preferences": {
        "notification_enabled": false,
        "reminder_frequency": "as_needed",
        "preferred_contact_method": "app",
        "language": "French"
      },
      "diet": "dairy-free",
      "goal": "weight loss",
      "fitness_level": "sedentary",
      "weekly_exercise_minutes": 60
    },
    {
      "user_id": "e9df303a-19ee-4312-8eb0-28d20d286079",
      "first_name": "John",
      "last_name": "Anderson",
      "email": "john.anderson@example.com",
      "date_of_birth": "1940-05-15",
      "age": 85,
      "gender": "Male",
      "blood_type": "AB+",
      "height_cm": 177,
      "weight_kg": 75,
      "health_conditions": [],
      "medications": [],
      "allergies": [
        "Peanuts",
        "Penicillin"
      ],
      "user_tier": "premium",
      "account_created": "2024-09-25",
      "last_login": "2025-04-03",
      "preferences": {
        "notification_enabled": false,
        "reminder_frequency": "weekly",
        "preferred_contact_method": "app",
        "language": "Spanish"
      },
      "diet": "keto",
      "goal": "manage diabetes",
      "fitness_level": "active",
      "weekly_exercise_minutes": 240
    },
    {
      "user_id": "fe6c44c4-ff30-4f18-ae7d-6bee129c02e7",
      "first_name": "Patricia",
      "last_name": "Jackson",
      "email": "patricia.jackson@example.com",
      "date_of_birth": "1969-05-08",
      "age": 56,
      "gender": "Male",
      "blood_type": "B+",
      "height_cm": 194,
      "weight_kg": 95,
      "health_conditions": [
        "Hypothyroidism"
      ],
      "medications": [
        "Levothyroxine"
      ],
      "allergies": [
        "Penicillin",
        "Dairy"
      ],
      "user_tier": "premium",
      "account_created": "2025-03-13",
      "last_login": "2025-03-25",
      "preferences": {
        "notification_enabled": false,
        "reminder_frequency": "as_needed",
        "preferred_contact_method": "sms",
        "language": "German"
      },
      "diet": "dairy-free",
      "goal": "improve fitness",
      "fitness_level": "sedentary",
      "weekly_exercise_minutes": 60
    },
    {
      "user_id": "2abed9b6-166b-434b-9b1c-2efdfe2e8b66",
      "first_name": "Michael",
      "last_name": "Smith",
      "email": "michael.smith@example.com",
      "date_of_birth": "1998-05-01",
      "age": 27,
      "gender": "Male",
      "blood_type": "O+",
      "height_cm": 162,
      "weight_kg": 47,
      "health_conditions": [
        "Depression",
        "Hypothyroidism"
      ],
      "medications": [
        "Fluoxetine",
        "Levothyroxine"
      ],
      "allergies": [
        "Peanuts"
      ],
      "user_tier": "premium",
      "account_created": "2025-01-21",
      "last_login": "2025-04-07",
      "preferences": {
        "notification_enabled": false,
        "reminder_frequency": "as_needed",
        "preferred_contact_method": "app",
        "language": "German"
      },
      "diet": "omnivore",
      "goal": "better sleep",
      "fitness_level": "very active",
      "weekly_exercise_minutes": 0
    },
    {
      "user_id": "7bf487b4-d96d-44ed-9283-467a569667bf",
      "first_name": "Jessica",
      "last_name": "White",
      "email": "jessica.white@example.com",
      "date_of_birth": "1961-05-10",
      "age": 64,
      "gender": "Other",
      "blood_type": "B+",
      "height_cm": 186,
      "weight_kg": 73,
      "health_conditions": [],
      "medications": [],
      "allergies": [
        "Pollen"
      ],
      "user_tier": "trial",
      "account_created": "2024-12-18",
      "last_login": "2025-04-02",
      "preferences": {
        "notification_enabled": false,
        "reminder_frequency": "weekly",
        "preferred_contact_method": "email",
        "language": "German"
      },
      "diet": "paleo",
      "goal": "maintenance",
      "fitness_level": "sedentary",
      "weekly_exercise_minutes": 0
    },
    {
      "user_id": "f96e35cc-80f6-4f9c-98a6-cef8e3d243d9",
      "first_name": "Patricia",
      "last_name": "Jones",
      "email": "patricia.jones@example.com",
      "date_of_birth": "1961-05-10",
      "age": 64,
      "gender": "Other",
      "blood_type": "O+",
      "height_cm": 159,
      "weight_kg": 68,
      "health_conditions": [
        "Hypertension",
        "Asthma"
      ],
      "medications": [
        "Lisinopril",
        "Albuterol"
      ],
      "allergies": [],
      "user_tier": "premium",
      "account_created": "2024-11-27",
      "last_login": "2025-04-10",
      "preferences": {
        "notification_enabled": false,
        "reminder_frequency": "daily",
        "preferred_contact_method": "sms",
        "language": "Spanish"
      },
      "diet": "vegan",
      "goal": "improve fitness",
      "fitness_level": "active",
      "weekly_exercise_minutes": 240
    },
    {
      "user_id": "1cf92979-c719-4508-9a27-2f593920f4f9",
      "first_name": "Jessica",
      "last_name": "Smith",
      "email": "jessica.smith@example.com",
      "date_of_birth": "1983-05-05",
      "age": 42,
      "gender": "Female",
      "blood_type": "AB+",
      "height_cm": 161,
      "weight_kg": 99,
      "health_conditions": [
        "Asthma",
        "Anxiety"
      ],
      "medications": [
        "Albuterol",
        "Sertraline"
      ],
      "allergies": [],
      "user_tier": "trial",
      "account_created": "2025-01-22",
      "last_login": "2025-03-28",
      "preferences": {
        "notification_enabled": false,
        "reminder_frequency": "as_needed",
        "preferred_contact_method": "sms",
        "language": "French"
      },
      "diet": "vegan",
      "goal": "maintenance",
      "fitness_level": "active",
      "weekly_exercise_minutes": 90
    },
    {
      "user_id": "0b417899-9064-4020-b02d-24c112421e3b",
      "first_name": "William",
      "last_name": "Anderson",
      "email": "william.anderson@example.com",
      "date_of_birth": "1951-05-13",
      "age": 74,
      "gender": "Other",
      "blood_type": "B+",
      "height_cm": 167,
      "weight_kg": 93,
      "health_conditions": [
        "GERD",
        "Depression",
        "High Cholesterol"
      ],
      "medications": [
        "Omeprazole",
        "Fluoxetine",
        "Atorvastatin"
      ],
      "allergies": [
        "Shellfish",
        "Eggs"
      ],
      "user_tier": "trial",
      "account_created": "2025-03-01",
      "last_login": "2025-04-01",
      "preferences": {
        "notification_enabled": false,
        "reminder_frequency": "weekly",
        "preferred_contact_method": "app",
        "language": "French"
      },
      "diet": "pescatarian",
      "goal": "manage diabetes",
      "fitness_level": "light",
      "weekly_exercise_minutes": 30
    },
    {
      "user_id": "98e63930-5bf1-4e97-bf60-adfdb140cd31",
      "first_name": "Robert",
      "last_name": "Williams",
      "email": "robert.williams@example.com",
      "date_of_birth": "1964-05-09",
      "age": 61,
      "gender": "Male",
      "blood_type": "B-",
      "height_cm": 150,
      "weight_kg": 97,
      "health_conditions": [],
      "medications": [],
      "allergies": [
        "Peanuts",
        "Latex"
      ],
      "user_tier": "premium",
      "account_created": "2025-02-09",
      "last_login": "2025-04-14",
      "preferences": {
        "notification_enabled": false,
        "reminder_frequency": "as_needed",
        "preferred_contact_method": "app",
        "language": "German"
      },
      "diet": "keto",
      "goal": "improve fitness",
      "fitness_level": "moderate",
      "weekly_exercise_minutes": 30
    },
    {
      "user_id": "c25031a6-fe8f-45ba-92f2-943be8bcad0d",
      "first_name": "David",
      "last_name": "Williams",
      "email": "david.williams@example.com",
      "date_of_birth": "1949-05-13",
      "age": 76,
      "gender": "Female",
      "blood_type": "O+",
      "height_cm": 150,
      "weight_kg": 89,
      "health_conditions": [
        "Asthma"
      ],
      "medications": [
        "Albuterol"
      ],
      "allergies": [
        "Pollen",
        "Shellfish"
      ],
      "user_tier": "trial",
      "account_created": "2025-04-23",
      "last_login": "2025-03-30",
      "preferences": {
        "notification_enabled": true,
        "reminder_frequency": "weekly",
        "preferred_contact_method": "email",
        "language": "Chinese"
      },
      "diet": "dairy-free",
      "goal": "weight loss",
      "fitness_level": "sedentary",
      "weekly_exercise_minutes": 120
    },
    {
      "user_id": "2397f458-de76-4583-abd7-b4d1f8b5af0d",
      "first_name": "Jessica",
      "last_name": "Brown",
      "email": "jessica.brown@example.com",
      "date_of_birth": "1950-05-13",
      "age": 75,
      "gender": "Male",
      "blood_type": "O-",
      "height_cm": 162,
      "weight_kg": 92,
      "health_conditions": [
        "High Cholesterol",
        "Asthma",
        "Allergies"
      ],
      "medications": [
        "Atorvastatin",
        "Albuterol",
        "Cetirizine"
      ],
      "allergies": [
        "Shellfish",
        "Latex"
      ],
      "user_tier": "standard",
      "account_created": "2025-02-23",
      "last_login": "2025-04-20",
      "preferences": {
        "notification_enabled": false,
        "reminder_frequency": "daily",
        "preferred_contact_method": "app",
        "language": "Chinese"
      },
      "diet": "vegetarian",
      "goal": "weight loss",
      "fitness_level": "light",
      "weekly_exercise_minutes": 30
    },
    {
      "user_id": "d4457715-28e1-40f2-a482-5381303256d9",
      "first_name": "Michael",
      "last_name": "White",
      "email": "michael.white@example.com",
      "date_of_birth": "1950-05-13",
      "age": 75,
      "gender": "Male",
      "blood_type": "AB+",
      "height_cm": 166,
      "weight_kg": 75,
      "health_conditions": [
        "GERD"
      ],
      "medications": [
        "Omeprazole"
      ],
      "allergies": [],
      "user_tier": "standard",
      "account_created": "2024-06-29",
      "last_login": "2025-04-10",
      "preferences": {
        "notification_enabled": false,
        "reminder_frequency": "as_needed",
        "preferred_contact_method": "sms",
        "language": "Chinese"
      },
      "diet": "dairy-free",
      "goal": "manage diabetes",
      "fitness_level": "light",
      "weekly_exercise_minutes": 120
    },
    {
      "user_id": "a0186de5-1680-4614-ba1c-8c886ec3c5cd",
      "first_name": "James",
      "last_name": "Martin",
      "email": "james.martin@example.com",
      "date_of_birth": "1965-05-09",
      "age": 60,
      "gender": "Male",
      "blood_type": "AB+",
      "height_cm": 152,
      "weight_kg": 98,
      "health_conditions": [],
      "medications": [],
      "allergies": [
        "Penicillin"
      ],
      "user_tier": "trial",
      "account_created": "2025-03-18",
      "last_login": "2025-04-12",
      "preferences": {
        "notification_enabled": true,
        "reminder_frequency": "as_needed",
        "preferred_contact_method": "app",
        "language": "Spanish"
      },
      "diet": "pescatarian",
      "goal": "lower blood pressure",
      "fitness_level": "light",
      "weekly_exercise_minutes": 180
    }
  ]
}