[
  {
    "user_id": "user_1",
    "name": "John Brown",
    "age": 43,
    "gender": "Female",
    "mental_health_conditions": "Bipolar Disorder",
    "therapy_type": "Dialectical Behavior Therapy",
    "therapy_frequency": "Bi-weekly",
    "medication": false,
    "self_care_activities": [
      "Journaling",
      "Yoga",
      "Reading",
      "Nature walks"
    ],
    "wellness_goals": [
      "Increase mindfulness",
      "Manage stress better",
      "Reduce anxiety"
    ]
  },
  {
    "user_id": "user_2",
    "name": "David Smith",
    "age": 71,
    "gender": "Female",
    "mental_health_conditions": "PTSD",
    "therapy_type": "Dialectical Behavior Therapy",
    "therapy_frequency": "None",
    "medication": true,
    "self_care_activities": [
      "Nature walks"
    ],
    "wellness_goals": [
      "Improve sleep",
      "Manage stress better"
    ]
  },
  {
    "user_id": "user_3",
    "name": "Jane Smith",
    "age": 40,
    "gender": "Other",
    "mental_health_conditions": "OCD",
    "therapy_type": "Cognitive Behavioral Therapy",
    "therapy_frequency": "None",
    "medication": true,
    "self_care_activities": [
      "Deep breathing",
      "Nature walks"
    ],
    "wellness_goals": [
      "Increase mindfulness"
    ]
  },
  {
    "user_id": "user_4",
    "name": "John Brown",
    "age": 63,
    "gender": "Other",
    "mental_health_conditions": "Generalized Anxiety Disorder",
    "therapy_type": "Mindfulness-Based Therapy",
    "therapy_frequency": "None",
    "medication": true,
    "self_care_activities": [
      "Yoga",
      "Art therapy"
    ],
    "wellness_goals": [
      "Increase mindfulness",
      "Reduce anxiety"
    ]
  },
  {
    "user_id": "user_5",
    "name": "Sarah Davis",
    "age": 53,
    "gender": "Other",
    "mental_health_conditions": "OCD",
    "therapy_type": "Group Therapy",
    "therapy_frequency": "None",
    "medication": true,
    "self_care_activities": [
      "Reading",
      "Meditation"
    ],
    "wellness_goals": [
      "Manage stress better"
    ]
  }
]